[
  {
    "id": 1,
    "name": "History of the cemeteries",
    "Author": "Neil Gaiman",
    "date": "2020",
    "img": "https://i.ibb.co/phfH19D/5fd25c20c61adbf34155228ada53ccea-1.png",
    "price": 5
  },
  {
    "id": 2,
    "name": "Norwegian forest",
    "Author": "Haruki Murakami",
    "date": "2021",
    "img": "https://i.ibb.co/B2qsc0Z/1ef52134220823546ece315b7684f099-1.png",
    "price": 9
  },
  {
    "id": 3,
    "name": "Lord of the Flies",
    "Author": "William Golding",
    "date": "2019",
    "img": "https://i.ibb.co/4wyTBhP/b8a3e9092dff356e3c7cf088ed7f2ce9-1.png",
    "price": 4
  },
  {
    "id": 4,
    "name": "Nausea",
    "Author": "William Golding",
    "date": "2019",
    "img": "https://i.ibb.co/9N25vjw/155d8e975cfb513ae73a1c151e488f93-1.png",
    "price": 8
  },
  {
    "id": 5,
    "name": "Anxious people",
    "Author": "Frederick Buckman",
    "date": "2017",
    "img": "https://i.ibb.co/3RR0b3W/5fd25c20c61adbf34155228ada53ccea-1-1.png",
    "price": 5
  },
  {
    "id": 6,
    "name": "Witcher",
    "Author": "Frederick Buckman",
    "date": "2021",
    "img": "https://i.ibb.co/3SNHxD3/1ef52134220823546ece315b7684f099-1-1.png",
    "price": 5
  },
  {
    "id": 7,
    "name": "The rule of wolves",
    "Author": "Lee Bardugo",
    "date": "2018",
    "img": "https://i.ibb.co/1KDP6Tz/b8a3e9092dff356e3c7cf088ed7f2ce9-1-1.png",
    "price": 5
  },
  {
    "id": 8,
    "name": "Dune",
    "Author": "Frank Herbert",
    "date": "2020",
    "img": "https://i.ibb.co/z4qdFfZ/155d8e975cfb513ae73a1c151e488f93-1-1.png",
    "price": 5
  }
]
